{"IcoMoonType":"selection","icons":[{"icon":{"paths":["M438.857 365.714c0-80.571-65.714-146.286-146.286-146.286s-146.286 65.714-146.286 146.286 65.714 146.286 146.286 146.286 146.286-65.714 146.286-146.286zM585.143 365.714c0 34.857-4 70.857-18.857 102.286l-208 442.286c-12 25.143-38.286 40.571-65.714 40.571s-53.714-15.429-65.143-40.571l-208.571-442.286c-14.857-31.429-18.857-67.429-18.857-102.286 0-161.714 130.857-292.571 292.571-292.571s292.571 130.857 292.571 292.571z"],"width":585.1428571428571,"attrs":[],"isMulticolor":false,"isMulticolor2":false,"tags":["map-marker"],"defaultCode":61505,"grid":14},"attrs":[],"properties":{"name":"map-marker","id":65,"order":3,"prevSize":28,"code":61505},"setIdx":0,"setId":2,"iconIdx":65},{"icon":{"paths":["M632.571 501.143l-424 424c-14.286 14.286-37.143 14.286-51.429 0l-94.857-94.857c-14.286-14.286-14.286-37.143 0-51.429l303.429-303.429-303.429-303.429c-14.286-14.286-14.286-37.143 0-51.429l94.857-94.857c14.286-14.286 37.143-14.286 51.429 0l424 424c14.286 14.286 14.286 37.143 0 51.429z"],"width":694.8571428571428,"attrs":[],"isMulticolor":false,"isMulticolor2":false,"tags":["chevron-right"],"defaultCode":61524,"grid":14},"attrs":[],"properties":{"name":"chevron-right","id":83,"order":5,"prevSize":28,"code":61524},"setIdx":0,"setId":2,"iconIdx":83},{"icon":{"paths":["M804.571 708.571c0 20.571-9.143 60.571-17.714 79.429-12 28-44 46.286-69.714 60.571-33.714 18.286-68 29.143-106.286 29.143-53.143 0-101.143-21.714-149.714-39.429-34.857-12.571-68.571-28-100-47.429-97.143-60-214.286-177.143-274.286-274.286-19.429-31.429-34.857-65.143-47.429-100-17.714-48.571-39.429-96.571-39.429-149.714 0-38.286 10.857-72.571 29.143-106.286 14.286-25.714 32.571-57.714 60.571-69.714 18.857-8.571 58.857-17.714 79.429-17.714 4 0 8 0 12 1.714 12 4 24.571 32 30.286 43.429 18.286 32.571 36 65.714 54.857 97.714 9.143 14.857 26.286 33.143 26.286 50.857 0 34.857-103.429 85.714-103.429 116.571 0 15.429 14.286 35.429 22.286 49.143 57.714 104 129.714 176 233.714 233.714 13.714 8 33.714 22.286 49.143 22.286 30.857 0 81.714-103.429 116.571-103.429 17.714 0 36 17.143 50.857 26.286 32 18.857 65.143 36.571 97.714 54.857 11.429 5.714 39.429 18.286 43.429 30.286 1.714 4 1.714 8 1.714 12z"],"width":804.5714285714286,"attrs":[],"isMulticolor":false,"isMulticolor2":false,"tags":["phone"],"defaultCode":61589,"grid":14},"attrs":[],"properties":{"name":"phone","id":141,"order":4,"prevSize":28,"code":61589},"setIdx":0,"setId":2,"iconIdx":141},{"icon":{"paths":["M505.714 323.429c6.286 6.857 8 16.571 4 25.143l-308.571 661.143c-4.571 8.571-13.714 14.286-24 14.286-2.286 0-5.143-0.571-8-1.143-12.571-4-20-16-17.143-28l112.571-461.714-232 57.714c-2.286 0.571-4.571 0.571-6.857 0.571-6.286 0-13.143-2.286-17.714-6.286-6.857-5.714-9.143-14.286-7.429-22.286l114.857-471.429c2.857-10.857 13.143-18.286 25.143-18.286h187.429c14.286 0 25.714 10.857 25.714 24 0 3.429-1.143 6.857-2.857 10.286l-97.714 264.571 226.286-56c2.286-0.571 4.571-1.143 6.857-1.143 7.429 0 14.286 3.429 19.429 8.571z"],"width":512.5851428571428,"attrs":[],"isMulticolor":false,"isMulticolor2":false,"tags":["bolt","flash"],"defaultCode":61671,"grid":14},"attrs":[],"properties":{"name":"bolt, flash","id":206,"order":8,"prevSize":28,"code":61671},"setIdx":0,"setId":2,"iconIdx":206},{"icon":{"paths":["M800.571 199.429l-365.714 731.429c-6.286 12.571-18.857 20-32.571 20-2.857 0-5.714-0.571-8.571-1.143-16.571-4-28-18.286-28-35.429v-329.143h-329.143c-17.143 0-31.429-11.429-35.429-28s4-33.714 18.857-41.143l731.429-365.714c5.143-2.857 10.857-4 16.571-4 9.714 0 18.857 3.429 25.714 10.857 11.429 10.857 14.286 28 6.857 42.286z"],"width":805.1565714285713,"attrs":[],"isMulticolor":false,"isMulticolor2":false,"tags":["location-arrow"],"defaultCode":61732,"grid":14},"attrs":[],"properties":{"name":"location-arrow","id":261,"order":7,"prevSize":28,"code":61732},"setIdx":0,"setId":2,"iconIdx":261},{"icon":{"paths":["M1008 6.286c12 8.571 17.714 22.286 15.429 36.571l-146.286 877.714c-1.714 10.857-8.571 20-18.286 25.714-5.143 2.857-11.429 4.571-17.714 4.571-4.571 0-9.143-1.143-13.714-2.857l-301.143-122.857-170.286 186.857c-6.857 8-16.571 12-26.857 12-4.571 0-9.143-0.571-13.143-2.286-14.286-5.714-23.429-19.429-23.429-34.286v-258.286l-269.714-110.286c-13.143-5.143-21.714-17.143-22.857-31.429-1.143-13.714 6.286-26.857 18.286-33.714l950.857-548.571c12-7.429 27.429-6.857 38.857 1.143zM812.571 862.857l126.286-756-819.429 472.571 192 78.286 493.143-365.143-273.143 455.429z"],"width":1024.5851428571427,"attrs":[],"isMulticolor":false,"isMulticolor2":false,"tags":["paper-plane-o","send-o"],"defaultCode":61913,"grid":14},"attrs":[],"properties":{"name":"paper-plane-o, send-o","id":430,"order":6,"prevSize":28,"code":61913},"setIdx":0,"setId":2,"iconIdx":430},{"icon":{"paths":["M384 928c0 53.019-42.981 96-96 96s-96-42.981-96-96c0-53.019 42.981-96 96-96s96 42.981 96 96z","M1024 928c0 53.019-42.981 96-96 96s-96-42.981-96-96c0-53.019 42.981-96 96-96s96 42.981 96 96z","M1024 512v-384h-768c0-35.346-28.654-64-64-64h-192v64h128l48.074 412.054c-29.294 23.458-48.074 59.5-48.074 99.946 0 70.696 57.308 128 128 128h768v-64h-768c-35.346 0-64-28.654-64-64 0-0.218 0.014-0.436 0.016-0.656l831.984-127.344z"],"tags":["cart","purchase","ecommerce","shopping"],"defaultCode":59706,"grid":16,"attrs":[]},"attrs":[],"properties":{"ligatures":"cart, purchase","name":"cart","order":9,"id":59,"prevSize":32,"code":59706},"setIdx":1,"setId":1,"iconIdx":58}],"height":1024,"metadata":{"name":"icomoon"},"preferences":{"showGlyphs":true,"showQuickUse":true,"showQuickUse2":true,"showSVGs":true,"fontPref":{"prefix":"icon-","metadata":{"fontFamily":"icomoon","majorVersion":1,"minorVersion":0},"metrics":{"emSize":1024,"baseline":6.25,"whitespace":50},"embed":false},"imagePref":{"prefix":"icon-","png":true,"useClassSelector":true,"color":0,"bgColor":16777215,"classSelector":".icon"},"historySize":50,"showCodes":true,"gridSize":16}}